<?xml version="1.0" encoding="UTF-8" standalone="yes"?>
<addon id="repository.drakkotv" name="Repositorio DrakoTV" version="1.0.0" provider-name="Team Magusplay">
    <extension point="xbmc.addon.repository" name="Nome Repository">
        <dir>
            <info compressed="false">https://raw.githubusercontent.com/Drakkotv/drakkotv/master/zips/addons.xml</info>
            <checksum>https://raw.githubusercontent.com/Drakkotv/drakkotv/master/zips/addons.xml.md5</checksum>
            <datadir zip="true">https://raw.githubusercontent.com/Drakkotv/drakkotv/master/zips/</datadir>
        </dir>
    </extension>
    <extension point="xbmc.addon.metadata">
        <summary>REPO EQUILIBRIUM KODI ADDON</summary>
        <description>REPOSITORIO OFICIAL DrakkoTV TEAM MAGUSPLAY KODI ADDON</description>
        <disclaimer></disclaimer>
        <platform>all</platform>
        <assets>
            <icon>icon.png</icon>
            <fanart>fanart.jpg</fanart>
        </assets>
    </extension>
</addon>