<?xml version="1.0" encoding="UTF-8" standalone="yes"?>
<addon 	
		id="drakkotv.repo" name="[B][COLOR yellow]  Drakkotv  [COLOR orange]Repositorio DrakkoTV Oficial![/B][/COLOR]"
		version="1.0.1"
		provider-name="[B][COLOR gold]Magusplay TEAM[/B][/COLOR]">
		
		<requires>
        <import addon="xbmc.addon" version="12.0.0"/>
		</requires>
		
		<extension point="xbmc.addon.repository" name=".drakkotv Repositorio">
		
		
	<dir>
			<info compressed="false">https://raw.githubusercontent.com/Drakkotv/drakkotv/master/addons.xml</info>
			<checksum>https://raw.githubusercontent.com/Drakkotv/drakkotv/master/addons.xml.md5</checksum>
			<datadir zip="true">https://github.com/Drakkotv/drakkotv.github.io/raw/master</datadir>
			<hashes>false</hashes>
    </dir>
	
	<dir minversion="16.0.0" maxversion="18.9.0">
			<info compressed="false">https://raw.githubusercontent.com/Drakkotv/drakkotv/master/leia/addons.xml</info>
			<checksum>https://raw.githubusercontent.com/Drakkotv/drakkotv/master/leia/addons.xml.md5</checksum>
			<datadir zip="true">https://github.com/Drakkotv/drakkotv.github.io/raw/master/leia</datadir>
			<hashes>false</hashes>
    </dir>
   
   <dir minversion="18.9.1">
			<info compressed="false">https://raw.githubusercontent.com/Drakkotv/drakkotv/master/matrix/addons.xml</info>
			<checksum>https://raw.githubusercontent.com/Drakkotv/drakkotv/master/matrix/addons.xml.md5</checksum>
			<datadir zip="true">https://github.com/Drakkotv/drakkotv.github.io/raw/master/matrix</datadir>
			<hashes>false</hashes>
    </dir>
	
	</extension>
		
	
	<extension point="xbmc.addon.metadata">
		<summary lang="pt_br"></summary>
        <description lang="pt_br"></description>
		<platform>all</platform>
		<source>http://raw.github.com/drakkotv/drakkotv.github.io/master</source>
		 <assets>
            <icon>icon.png</icon>
			<fanart>fanart.jpg</fanart>
        </assets>
				
	<news></news>
		
	<summary>Repositório drakkotv o melhor addon para sua familia!!!</summary>
		
	<description>	
                    [B][COLOR orange]Repositório drakkotv, SEM SCRIPT MALICIOSO!! PURO, LIMPO E SIMPLES!!![/COLOR][/B]
					[B][COLOR red]Repositório oficial drakkotv - Proibido reprodução total ou parcial sem prévia autorização[/COLOR][/B]
					[B][COLOR white]Addon deste repositório é de uso gratuito!![/COLOR][/B]
					[B][COLOR firebrick]Proibido a venda do addon contidos neste repositório[/COLOR][/B]
	</description>
		
<disclaimer>[B][COLOR orange]Repositório drakkotv é apenas um AGREGADOR de ADDON e, assim como o Google.com, apenas agrega e organiza ADDONS DE TERCEIROS. Não somos responsáveis pelos arquivos aqui encontrados.[/COLOR][/B]</disclaimer>
		
	</extension>
</addon>
